"","OID","x","y"
"1",1,-8.04138469696045,39.4133377075195
"2",2,-7.24023532867432,40.6883735656738
"3",3,-8.33899211883545,37.6218605041504
"4",4,-7.9874119758606,40.0953903198242
"5",5,-7.87614679336548,41.1908683776855
"6",6,-8.79795265197754,37.3375968933105
"7",7,-6.76928615570068,41.2123336791992
"8",8,-7.43916368484497,38.1851692199707
"9",9,-7.50654220581055,40.7316398620605
"10",10,-8.37364768981934,40.7700157165527
"11",11,-9.04198265075684,38.8589668273926
"12",12,-7.57275629043579,38.9226112365723
"13",13,-8.77862453460693,40.1940994262695
"14",14,-7.21685314178467,38.7956962585449
"15",15,-8.47867870330811,39.1689338684082
"16",16,-7.39513921737671,41.5447540283203
"17",17,-8.35013961791992,38.984733581543
"18",18,-7.77383422851562,39.7457809448242
"19",19,-8.01947402954102,38.119743347168
"20",20,-8.63420581817627,41.7933387756348
"21",21,-8.83516597747803,39.7851829528809
"22",22,-7.83516597747803,38.9912414550781
"23",23,-8.30553245544434,38.3194007873535
"24",24,-8.84135150909424,37.08154296875
"25",25,-7.43551063537598,40.9257431030273
"26",26,-8.63399410247803,41.2512245178223
"27",27,-8.25923347473145,37.4007301330566
"28",28,-8.0291633605957,40.6998748779297
"29",29,-7.66353559494019,37.2304992675781
"30",30,-7.66444063186646,37.9958038330078
"31",31,-8.41809368133545,40.4481468200684
"32",32,-7.00159502029419,38.9777450561523
"33",33,-7.37683629989624,37.8480529785156
"34",34,-8.54237747192383,40.0358963012695
"35",35,-7.57813358306885,40.2610778808594
"36",36,-8.17073345184326,38.6577796936035
"37",37,-9.16582775115967,38.4460182189941
"38",38,-8.67850399017334,40.4363098144531
"39",39,-8.27927303314209,40.004280090332
"40",40,-8.28001308441162,42.0890693664551
"41",41,-8.40045642852783,41.5426445007324
"42",42,-8.55898380279541,38.5416717529297
"43",43,-7.88209867477417,38.4684562683105
"44",44,-8.3140754699707,37.9730415344238
"45",45,-7.43534898757935,39.4197006225586
"46",46,-8.7097225189209,37.5495109558105
"47",47,-8.74270248413086,38.7039566040039
"48",48,-7.63466119766235,37.4282379150391
"49",49,-7.67553091049194,41.5866661071777
"50",50,-7.0105152130127,41.9435424804688
"51",51,-7.0002760887146,39.8258857727051
"52",52,-7.28892421722412,39.8265151977539
"53",53,-8.3805103302002,39.4883270263672
"54",54,-8.3020133972168,41.1734352111816
"55",55,-7.48604106903076,41.3471717834473
"56",56,-7.936203956604,40.4069519042969
"57",57,-8.56446075439453,37.9469337463379
"58",58,-8.08444881439209,38.8599548339844
"59",59,-7.42782354354858,38.6146812438965
"60",60,-6.78955364227295,41.5116806030273
"61",61,-8.13098812103271,37.7935485839844
"62",62,-7.04385232925415,40.395565032959
"63",63,-7.68836545944214,38.6898727416992
"64",64,-7.15270614624023,41.7614288330078
"65",65,-8.97850513458252,39.2851982116699
"66",66,-8.16529750823975,39.7813377380371
"67",67,-7.16371726989746,38.0123825073242
"68",68,-7.37502574920654,39.1001167297363
"69",69,-7.6710000038147,39.2377967834473
"70",70,-7.63300037384033,40.4641418457031
"71",71,-8.52752685546875,37.1181411743164
"72",72,-7.23998165130615,40.052173614502
"73",73,-7.30474281311035,41.1979293823242
"74",74,-6.40658187866211,41.5711936950684
"75",75,-7.5187840461731,39.9470748901367
"76",76,-8.40540599822998,40.2201652526855
"77",77,-7.15715408325195,39.6551513671875
"78",78,-8.64915561676025,38.2084693908691
"79",79,-8.26576232910156,41.8017959594727
"80",80,-7.66076946258545,41.8252372741699
"81",81,-7.10199594497681,40.9521598815918
"82",82,-7.9617862701416,37.2807769775391
"83",83,-8.14747714996338,40.2837982177734
"84",84,-6.43745565414429,41.3169364929199
"85",85,-6.77427625656128,41.7776985168457
"86",86,-7.91922473907471,41.4871559143066
"87",87,-8.90175533294678,39.0848541259766
"88",88,-9.07446956634521,38.636791229248
"89",89,-7.65009450912476,39.5696907043457
"90",90,-8.69257736206055,37.7506561279297
"91",91,-9.3275671005249,39.2143135070801
"92",92,-7.579993724823,38.4202880859375
"93",93,-9.34282779693604,38.7173461914062
"94",94,-7.94699621200562,36.9884033203125
"95",95,-6.84050178527832,40.5227088928223
"96",96,-8.02232265472412,40.9381065368652
"97",97,-9.15798664093018,39.0513877868652
"98",98,-6.94782829284668,40.7597694396973
"99",99,-8.7831335067749,38.3791542053223
"100",100,-7.37498569488525,40.4289321899414
"101",101,-8.74596691131592,41.5684356689453
"102",102,-7.77606296539307,37.7000427246094
"103",103,-7.93855714797974,41.7093315124512
"104",104,-8.48328399658203,39.721492767334
"105",105,-8.65318965911865,40.850341796875
"106",106,-7.31152439117432,38.3843078613281
"107",107,-8.65034580230713,38.946460723877
"108",108,-7.14357614517212,41.3628768920898
"109",109,-8.86777687072754,39.5637435913086
"110",110,-7.9632511138916,37.553466796875
"111",111,-8.56180191040039,40.6292190551758
"112",112,-7.88507843017578,37.8827743530273
"113",113,-6.96988439559937,38.1833343505859
"114",114,-7.78247356414795,39.9751815795898
"115",115,-8.23251533508301,37.1220817565918
"116",116,-9.11589527130127,39.4824562072754
"117",117,-8.10839748382568,39.0714454650879
"118",118,-7.76339530944824,38.2295913696289
"119",119,-8.41943836212158,40.9693794250488
"120",120,-7.73839378356934,40.9619369506836
"121",121,-8.48092174530029,38.7573318481445
"122",122,-8.57163524627686,41.9996643066406
"123",123,-8.65920925140381,39.4165496826172
"124",124,-6.91684579849243,40.0471000671387
"125",125,-8.13580226898193,41.3685073852539
"126",126,-9.40787410736084,38.9855537414551
"127",127,-8.22014236450195,39.2685508728027
"128",128,-6.58799266815185,41.9519348144531
"129",130,-7.76113748550415,40.6781387329102
"130",131,-8.54704284667969,37.3483734130859
"131",132,-7.03980255126953,41.1785125732422
"132",133,-8.82901954650879,37.9623985290527
"133",134,-8.87207221984863,40.0028839111328
"134",135,-7.56279563903809,41.1550140380859
"135",136,-7.51747226715088,37.6231269836426
"136",137,-7.96560525894165,39.6077003479004
"137",138,-7.4139256477356,37.2033538818359
"138",139,-7.23602867126465,39.2769393920898
"139",140,-8.15725898742676,40.5218734741211
"140",141,-8.0507984161377,38.3184700012207
"141",142,-3.60896873474121,41.8473358154297
"142",143,-4.88266324996948,38.611198425293
"143",144,-2.00159239768982,39.7321968078613
"144",145,-6.22802019119263,42.8416137695312
"145",146,-2.11692428588867,37.2907333374023
"146",147,-1.16794776916504,38.5729751586914
"147",148,-0.457723498344421,42.2547454833984
"148",149,-7.93754196166992,42.1085090637207
"149",150,-3.21749448776245,38.856990814209
"150",151,-1.51916313171387,38.4342842102051
"151",152,-6.05720186233521,38.958423614502
"152",153,-3.49116992950439,39.0776481628418
"153",154,-2.84297657012939,40.3509712219238
"154",155,-6.4057559967041,41.8144378662109
"155",156,-6.46398019790649,37.3839721679688
"156",157,-0.525361955165863,42.7265243530273
"157",158,-4.90190839767456,41.6865081787109
"158",159,-2.12426161766052,39.3991432189941
"159",160,-8.09174060821533,42.4669914245605
"160",161,-3.5558009147644,37.7923927307129
"161",162,-3.87882113456726,42.4911499023438
"162",163,1.80866742134094,42.0595588684082
"163",164,0.623109400272369,41.121395111084
"164",165,-0.814812839031219,40.0688781738281
"165",166,-1.49164950847626,38.176570892334
"166",167,-6.75105714797974,42.5584907531738
"167",168,-3.22278428077698,43.382999420166
"168",169,0.853081047534943,41.4351005554199
"169",170,-3.76632571220398,41.547233581543
"170",171,-4.03907680511475,39.6435699462891
"171",172,-4.69849586486816,39.2220230102539
"172",173,-4.02328014373779,39.3566703796387
"173",174,-6.52508735656738,37.1248245239258
"174",175,-4.91993761062622,38.8498687744141
"175",176,-2.57654166221619,41.2584991455078
"176",177,-5.70859336853027,37.9551048278809
"177",178,-2.28159427642822,38.5686798095703
"178",179,-2.3690197467804,43.0842475891113
"179",180,-2.56228566169739,38.851634979248
"180",181,-4.7926459312439,41.3925704956055
"181",182,-1.60492837429047,37.870979309082
"182",183,-6.15447854995728,39.1914863586426
"183",184,-4.17315912246704,36.8606452941895
"184",185,-7.36141300201416,42.8139305114746
"185",186,2.96125459671021,42.139892578125
"186",187,0.43437910079956,42.2890205383301
"187",188,-6.61345529556274,39.5284233093262
"188",189,-5.24372482299805,42.8436050415039
"189",190,-0.0850243866443634,40.1909446716309
"190",191,-1.29570555686951,39.8284759521484
"191",192,-3.14596772193909,38.3761291503906
"192",193,-2.20949268341064,42.0532493591309
"193",194,-5.14406585693359,38.7506980895996
"194",195,-6.38973665237427,37.9349594116211
"195",196,-6.42048931121826,43.0327186584473
"196",197,-7.56315803527832,42.680835723877
"197",198,-9.02803421020508,42.9530029296875
"198",199,-2.48789834976196,42.6926612854004
"199",201,-1.2276109457016,42.9181747436523
"200",202,-5.6159348487854,38.6894035339355
"201",203,-2.76790404319763,37.2695693969727
"202",204,-6.80846452713013,40.23828125
"203",205,-5.7109637260437,39.4209632873535
"204",206,0.292767614126205,42.5712738037109
"205",207,-0.980847656726837,42.3418846130371
"206",208,-5.50983619689941,42.2165412902832
"207",209,-4.47851896286011,40.0274238586426
"208",210,-2.97500061988831,39.1691093444824
"209",211,-0.447227567434311,38.3804512023926
"210",212,0.206212475895882,41.041088104248
"211",213,-8.02981090545654,43.3087501525879
"212",214,-1.15808534622192,40.3209037780762
"213",215,-3.7737455368042,37.6800956726074
"214",216,-1.15844774246216,39.2006492614746
"215",217,-3.72138333320618,40.4832534790039
"216",218,-5.41247797012329,38.4636764526367
"217",219,-3.99006390571594,37.0183639526367
"218",220,-7.34708595275879,37.2914237976074
"219",221,-3.3442952632904,42.0638160705566
"220",222,-4.61745929718018,38.9542961120605
"221",223,-4.02265739440918,39.1211242675781
"222",224,-0.95714408159256,42.0398101806641
"223",225,1.13921248912811,41.4255409240723
"224",226,-3.1467981338501,39.4451026916504
"225",227,0.00346901989541948,42.2689018249512
"226",228,-4.38327074050903,39.737419128418
"227",229,-6.55435657501221,38.5117835998535
"228",230,-2.4101140499115,40.3002815246582
"229",231,-6.16354465484619,38.6871299743652
"230",232,-4.85332202911377,36.6417083740234
"231",233,-7.44661378860474,37.6181221008301
"232",234,-4.6348237991333,39.6135330200195
"233",235,-6.05392694473267,40.3100204467773
"234",236,-4.95991849899292,39.1099967956543
"235",237,-6.70922327041626,41.1320915222168
"236",238,-4.96406984329224,37.8548851013184
"237",239,-6.96675157546997,38.9014167785645
"238",240,-1.57372987270355,40.872127532959
"239",241,-6.63450908660889,42.2762107849121
"240",242,-6.72639846801758,38.0148582458496
"241",243,-0.0212221797555685,41.3654975891113
"242",244,-5.46234750747681,40.2329025268555
"243",245,-5.07340002059937,36.7345352172852
"244",246,-5.79023790359497,39.2197456359863
"245",247,0.401611506938934,40.6786689758301
"246",248,-3.98046064376831,39.863582611084
"247",249,-0.337037265300751,40.3076324462891
"248",250,-7.81209802627563,43.5901832580566
"249",251,1.09363627433777,42.0892753601074
"250",252,-4.52462291717529,38.159984588623
"251",253,-0.916416764259338,38.0796089172363
"252",254,-6.70299339294434,38.3152236938477
"253",255,2.32904696464539,42.0435676574707
"254",256,-1.84069728851318,40.3860473632812
"255",257,-5.51834726333618,37.5610122680664
"256",258,-0.530167698860168,40.0776062011719
"257",259,-6.16693925857544,40.6967124938965
"258",260,-5.85561847686768,40.1084976196289
"259",261,-7.03657817840576,38.6965980529785
"260",262,-6.00127983093262,36.4436721801758
"261",263,-2.5374641418457,39.622974395752
"262",264,-5.79381656646729,37.3512229919434
"263",265,-4.51094722747803,43.1617965698242
"264",266,-1.20816576480866,38.1193199157715
"265",267,-0.0623725801706314,42.5871849060059
"266",268,-6.26458787918091,38.1646957397461
"267",269,-4.77086496353149,42.3715400695801
"268",270,-2.63961052894592,36.9867935180664
"269",271,-3.38081502914429,42.6089859008789
"270",272,-6.9861798286438,42.974681854248
"271",273,-2.32948708534241,41.8042984008789
"272",274,-0.367194771766663,41.0950126647949
"273",275,-2.27960181236267,37.8512763977051
"274",276,-0.121451668441296,41.8340911865234
"275",277,-5.94224071502685,41.8682556152344
"276",278,-3.46762800216675,38.4695854187012
"277",279,-4.51865291595459,40.2315979003906
"278",280,-2.22330117225647,40.7852668762207
"279",281,-5.53546571731567,43.3717193603516
"280",282,-2.36759567260742,38.0763816833496
"281",283,-1.98752164840698,38.6628150939941
"282",284,-6.01157474517822,36.193962097168
"283",285,-1.52889347076416,39.9594573974609
"284",286,-2.74466848373413,43.2927589416504
"285",287,-3.24521279335022,41.5735206604004
"286",288,-6.43457651138306,37.7080955505371
"287",289,-7.52544641494751,43.2434768676758
"288",290,-5.00338649749756,41.1809921264648
"289",291,-4.08946847915649,43.2941818237305
"290",292,-1.21703946590424,41.800838470459
"291",293,-0.841060400009155,41.3509902954102
"292",294,-8.67367649078369,42.8958168029785
"293",295,-2.79768991470337,40.7675285339355
"294",296,-3.31488108634949,37.1198348999023
"295",297,-5.61355400085449,36.8456039428711
"296",298,-0.925502955913544,38.9449501037598
"297",299,-1.41300964355469,37.6262054443359
"298",300,-4.27829837799072,42.4507293701172
"299",301,-4.38755178451538,39.3312873840332
"300",302,-1.5098420381546,39.4632148742676
"301",303,-2.13033437728882,37.5511245727539
"302",304,-1.52529525756836,42.0472602844238
"303",305,-4.59879446029663,41.7816886901855
"304",306,-0.780375778675079,39.1420402526855
"305",307,-2.32698822021484,40.9686698913574
"306",308,-1.01360595226288,40.8725357055664
"307",309,-8.50674057006836,42.6228065490723
"308",310,-4.33156299591065,40.8280258178711
"309",311,-1.3274861574173,37.9151420593262
"310",312,-3.52650761604309,38.073558807373
"311",313,-2.90990114212036,42.0759620666504
"312",314,-7.17476177215576,37.5014419555664
"313",315,-6.31639814376831,41.2396354675293
"314",316,-0.963902175426483,40.5372123718262
"315",317,-4.81629991531372,42.0152206420898
"316",318,-4.75348520278931,40.4581413269043
"317",319,-0.624673247337341,42.4762649536133
"318",320,-2.20052790641785,40.4614219665527
"319",321,-5.88543701171875,43.4804916381836
"320",322,-4.94810104370117,39.6001930236816
"321",323,-6.55172395706177,40.5726509094238
"322",324,-0.611782789230347,41.6390953063965
"323",325,-4.09779500961304,37.7134437561035
"324",326,-5.11718797683716,42.511157989502
"325",327,-0.495083719491959,39.4397926330566
"326",328,-1.74244904518127,39.2936172485352
"327",329,0.24243500828743,41.7881355285645
"328",330,-8.34862613677979,43.2339172363281
"329",331,-5.04872751235962,38.3429565429688
"330",332,-6.84051132202148,40.9312591552734
"331",333,-6.06230545043945,43.1655082702637
"332",334,-8.04907608032227,42.7443618774414
"333",335,-5.11209344863892,43.3993911743164
"334",336,-2.12984418869019,38.9476776123047
"335",337,-7.05680465698242,39.5000762939453
"336",338,1.50723028182983,42.080738067627
"337",339,-1.41654968261719,42.5223503112793
"338",340,-4.80749225616455,40.0278396606445
"339",341,-4.95979452133179,43.0787887573242
"340",342,-4.15564250946045,38.9353179931641
"341",343,-4.95240163803101,40.2508087158203
"342",344,-5.97345209121704,41.5757179260254
"343",345,-3.77079677581787,40.0047187805176
"344",346,2.36547660827637,41.7368278503418
"345",347,-5.68542957305908,41.6201324462891
"346",348,-2.25750803947449,42.2961692810059
"347",349,-4.06348037719727,41.8578567504883
"348",350,-2.71422243118286,38.4274978637695
"349",351,-0.322417438030243,39.2908172607422
"350",352,-1.84945464134216,37.915153503418
"351",353,-1.99233150482178,41.9191436767578
"352",354,0.817491471767426,41.8512725830078
"353",355,-3.54762077331543,39.7317733764648
"354",356,-5.39437627792358,40.9485473632812
"355",357,-3.00354099273682,41.4497108459473
"356",358,-5.33886289596558,36.1983222961426
"357",359,-2.18152642250061,43.2290191650391
"358",360,1.68892085552216,41.8026390075684
"359",361,-9.00970649719238,42.6021995544434
"360",362,-4.09862422943115,37.3564453125
"361",363,2.76460242271423,41.9084739685059
"362",364,-3.81849527359009,41.2961883544922
"363",365,-2.6949999332428,42.1968307495117
"364",366,-5.43368721008301,36.993595123291
"365",367,-6.69055461883545,37.7920532226562
"366",368,-2.67740035057068,39.9222564697266
"367",369,-3.80775952339172,38.4982795715332
"368",370,-4.61838245391846,42.6268119812012
"369",371,-4.312331199646,38.3649673461914
"370",372,-5.07913398742676,40.8075065612793
"371",373,-1.46337187290192,41.6512908935547
"372",374,-5.74751806259155,40.4133567810059
"373",375,-3.43815159797669,40.821403503418
"374",376,-5.85255002975464,42.4881820678711
"375",377,-3.6125156879425,43.2308311462402
"376",378,-6.32140016555786,39.7431526184082
"377",379,-2.24175190925598,36.871410369873
"378",380,-4.59552812576294,36.6003456115723
"379",381,-5.36110210418701,39.8274421691895
"380",382,-1.51286792755127,38.8886833190918
"381",383,-6.20552253723145,42.5008850097656
"382",384,-2.7708261013031,37.5281753540039
"383",385,-3.01729869842529,41.7224884033203
"384",386,-2.67674231529236,41.6170845031738
"385",387,-0.442201405763626,41.3092575073242
"386",388,1.06543469429016,42.5241317749023
"387",389,-0.228778436779976,40.7144432067871
"388",390,-5.13833379745483,42.0934715270996
"389",391,-2.19903516769409,39.1950302124023
"390",392,-5.45359468460083,37.7590827941895
"391",393,-2.8957941532135,37.9303321838379
"392",394,-2.81051135063171,39.357364654541
"393",395,-4.28025102615356,42.8894844055176
"394",396,-8.15777111053467,41.948127746582
"395",397,-1.21553862094879,39.4383888244629
"396",398,-4.77730894088745,37.5013084411621
"397",399,-4.84807682037354,36.9054412841797
"398",400,-0.372194230556488,41.9460716247559
"399",401,-3.83108496665955,37.8873138427734
"400",402,-4.18470859527588,40.3183135986328
"401",403,-4.07474565505981,40.9048957824707
"402",404,0.594830930233002,41.568000793457
"403",405,-0.836219608783722,37.8229446411133
"404",406,-0.60392153263092,40.8452758789062
"405",407,-3.33868074417114,40.4339027404785
"406",408,-2.88247346878052,43.1013679504395
"407",409,-6.19491195678711,37.2494049072266
"408",410,-2.22321557998657,42.6402206420898
"409",411,-6.58195972442627,40.1149978637695
"410",412,-7.18443155288696,37.7547569274902
"411",413,1.4802393913269,41.4206123352051
"412",414,-3.72398829460144,39.2483673095703
"413",415,-1.69160676002502,41.4114570617676
"414",416,-3.72809076309204,40.7433204650879
"415",417,-3.74449849128723,38.6954956054688
"416",418,-4.44249725341797,41.5079612731934
"417",419,-1.51562416553497,43.1667060852051
"418",420,1.36205863952637,42.6132850646973
"419",421,-2.93710327148438,41.1620674133301
"420",422,-5.4711217880249,40.5332374572754
"421",423,-6.31924247741699,38.9917488098145
"422",424,-3.24396896362305,36.8950729370117
"423",425,-5.60194110870361,41.2223815917969
"424",426,-6.48783588409424,42.007266998291
"425",427,-7.84477138519287,42.6021995544434
"426",428,-4.96967363357544,39.3193893432617
"427",429,-1.19130539894104,40.7145957946777
"428",430,-2.18988394737244,42.900764465332
"429",431,-0.992916822433472,38.3731002807617
"430",432,-4.32912302017212,42.0308685302734
"431",433,-5.724205493927,36.1698722839355
"432",434,-2.93477511405945,37.0814094543457
"433",435,-5.91727161407471,36.8503913879395
"434",436,-3.99584937095642,38.108024597168
"435",437,-6.2262020111084,43.4443511962891
"436",438,-3.52793788909912,43.0192832946777
"437",439,-6.65349817276001,38.7962265014648
"438",440,-1.41949462890625,40.175106048584
"439",441,-5.90477848052979,42.2277374267578
"440",442,-0.66307532787323,38.249698638916
"441",443,-4.80671787261963,43.2608528137207
"442",444,-7.0359959602356,43.4699592590332
"443",445,-8.21042919158936,42.2646026611328
"444",446,-2.83801579475403,42.3958320617676
"445",447,-5.35451459884644,41.3016510009766
"446",448,-2.80190539360046,38.1896171569824
"447",449,-3.573162317276,37.0394477844238
"448",450,-7.29464435577393,42.012321472168
"449",451,0.153691440820694,40.4001274108887
"450",452,-4.02065277099609,40.0667495727539
"451",453,-8.83500480651855,42.0335578918457
"452",454,-7.90180015563965,43.018440246582
"453",455,-3.21518564224243,41.0423889160156
"454",456,-3.82710027694702,42.2309494018555
"455",457,-4.25276756286621,37.142219543457
"456",458,-6.07703542709351,39.8638610839844
"457",459,-5.73457527160645,36.4458923339844
"458",460,-5.20595026016235,37.090690612793
"459",461,-6.46202039718628,41.0347023010254
"460",462,-2.93399167060852,39.7280464172363
"461",463,-8.73088073730469,42.5112838745117
"462",464,-1.83565878868103,42.6412963867188
"463",465,-6.98505210876465,37.2686958312988
"464",466,2.63556003570557,42.2564277648926
"465",467,-6.64848852157593,43.1805267333984
"466",468,-3.21675825119019,37.7650527954102
"467",469,-5.07232093811035,37.6550369262695
"468",470,-3.41891551017761,42.2548789978027
"469",471,-3.96963310241699,42.7650108337402
"470",472,-5.93460559844971,42.8752250671387
"471",473,-2.47369384765625,40.1029815673828
"472",474,2.10493206977844,41.6825408935547
"473",475,-2.96559023857117,40.560131072998
"474",476,-4.35951375961304,41.1452369689941
"475",477,-3.44220590591431,37.5412406921387
"476",478,-2.77763891220093,38.6223640441895
"477",479,-5.9958815574646,37.8749694824219
"478",480,0.717637777328491,42.0532188415527
"479",481,-2.12374448776245,41.204475402832
"480",482,-7.14711904525757,42.3129081726074
"481",483,-4.13482189178467,41.6405792236328
"482",484,-5.04975891113281,38.1057815551758
"483",485,-7.25099277496338,42.568775177002
"484",486,-3.57619094848633,42.4570503234863
"485",487,-3.41912698745727,41.2650184631348
"486",488,-5.18650150299072,40.1523056030273
"487",489,-6.87903451919556,41.9494667053223
"488",490,-5.60106897354126,39.0575981140137
"489",491,-2.85790657997131,42.7486686706543
"490",493,-0.786022365093231,39.340747833252
"491",494,-0.263163059949875,38.5878639221191
"492",495,-0.7897789478302,42.201961517334
"493",496,-5.48355627059937,39.6199836730957
"494",497,-2.26459360122681,39.9291152954102
"495",498,-5.6403489112854,38.2557792663574
"496",499,-6.55758094787598,43.3909606933594
"497",500,-5.22317409515381,39.0557022094727
"498",501,1.20387136936188,41.1934013366699
"499",502,-5.92329406738281,38.1248931884766
"500",503,-3.26157069206238,37.9735946655273
"501",504,-5.08818578720093,40.426815032959
"502",505,-4.35606670379639,37.870662689209
"503",506,-0.519253671169281,39.0463905334473
"504",507,0.971755802631378,41.6831932067871
"505",508,-1.62783217430115,42.3269653320312
"506",509,-6.09353494644165,36.6324653625488
"507",510,-0.749174773693085,39.8481674194336
"508",511,-7.02149677276611,38.3564987182617
"509",512,-6.40637874603271,36.667366027832
"510",513,-5.97187232971191,37.0453071594238
"511",514,-5.79073810577393,38.8999519348145
"512",515,-1.20395112037659,41.568286895752
"513",516,0.937673449516296,42.7756233215332
"514",517,-4.30996513366699,38.5646476745605
"515",518,-3.52806496620178,39.4123191833496
"516",519,-1.55421352386475,41.1824264526367
"517",520,-5.34857273101807,43.0652275085449
"518",521,-1.83546793460846,37.4519309997559
"519",522,-0.855270326137543,38.5892372131348
"520",523,-2.91574215888977,36.7871856689453
"521",524,-3.77678680419922,37.4785270690918
"522",525,-7.49109792709351,43.657470703125
"523",526,-0.0279479194432497,40.8982849121094
"524",527,1.09939205646515,41.8724670410156
"525",528,-2.20261240005493,40.1588020324707
"526",529,-4.09849643707275,41.2800674438477
"527",530,-5.3659930229187,41.7209396362305
"528",531,-6.87105464935303,39.8427200317383
"529",532,-2.54468202590942,39.1242713928223
"530",533,-5.71622228622437,43.048526763916
"531",534,0.0105705400928855,40.6283340454102
"532",535,-7.41201829910278,39.6419525146484
"533",536,-3.98365783691406,40.455322265625
"534",537,-4.42394590377808,36.8072319030762
"535",538,-0.101417779922485,39.8993263244629
"536",539,-4.76101446151733,41.1051559448242
"537",540,-1.77232813835144,40.0448760986328
"538",541,-0.532424330711365,38.6202659606934
"539",542,-3.08456230163574,40.1860122680664
"540",543,1.82825350761414,41.31396484375
"541",544,-1.90641510486603,38.3503379821777
"542",545,-5.38295602798462,36.7542114257812
"543",546,-5.88758325576782,40.6816444396973
"544",547,-3.19974517822266,42.9224510192871
"545",548,-3.23262548446655,41.8666534423828
"546",549,-8.59771347045898,42.229175567627
"547",550,-2.13696718215942,41.4206581115723
"548",551,-1.0794802904129,42.5632095336914
"549",552,0.513256728649139,40.899959564209
"550",553,-2.41657280921936,37.3855018615723
"551",554,-5.71987867355347,38.4600257873535
"552",555,-6.69311571121216,37.5168914794922
"553",556,-4.48308324813843,40.6448249816895
"554",557,-1.28659212589264,41.2419967651367
"555",558,-1.40425181388855,40.4308166503906
"556",559,-2.88407349586487,38.9669990539551
"557",560,-0.981675982475281,39.607723236084
"558",561,2.94675731658936,42.4749603271484
"559",562,2.05207753181458,42.1886215209961
"560",563,-8.92464637756348,43.2048873901367
"561",564,-5.36609649658203,36.4294586181641
"562",565,-1.57724535465241,41.8338165283203
"563",566,-5.84056234359741,41.3067359924316
"564",567,0.798945248126984,40.7405319213867
"565",568,-3.73332619667053,42.8831901550293
"566",569,-2.45824933052063,40.5571784973145
"567",570,-2.52651357650757,42.3563423156738
"568",571,-4.72472763061523,40.788200378418
"569",572,-4.05672454833984,38.7432632446289
"570",573,-4.98729419708252,37.310791015625
"571",574,-1.8059446811676,40.6853637695312
"572",575,-5.36471462249756,38.1776733398438
"573",576,-5.43452310562134,38.8892974853516
"574",577,0.29608291387558,41.5729293823242
"575",578,-5.72781038284302,42.6684989929199
"576",579,-5.39930391311646,42.5640106201172
"577",580,-0.186213105916977,41.5518989562988
"578",581,-3.10230159759521,42.3083877563477
"579",582,-5.0856614112854,41.8710250854492
"580",583,-6.30735445022583,36.9994430541992
"581",584,-3.76841640472412,40.2037010192871
"582",585,-0.494737327098846,39.701000213623
"583",586,-5.19134759902954,41.5185890197754
"584",587,-0.774631321430206,40.339900970459
"585",588,-5.73190307617188,40.8833618164062
"586",589,-5.0955114364624,39.8481216430664
"587",590,-1.85794949531555,38.1387138366699
"588",591,-7.24908924102783,43.343807220459
"589",592,1.16117477416992,42.3090171813965
"590",593,-3.404625415802,38.2741889953613
"591",594,-5.904372215271,41.0577926635742
"592",595,-6.69652366638184,42.8778877258301
"593",596,-1.95735573768616,41.6730613708496
"594",597,1.38480317592621,41.8071708679199
"595",598,-7.53798913955688,42.9709053039551
"596",599,-1.68606340885162,39.0359878540039
"597",600,0.0824832916259766,38.7475852966309
"598",601,-2.03732132911682,40.9447212219238
"599",602,-3.53225159645081,37.3084487915039
"600",603,-3.72022366523743,43.4579391479492
"601",604,-2.50622129440308,37.7130546569824
"602",605,-6.11190700531006,39.5989074707031
"603",606,-2.4999566078186,37.1604957580566
"604",607,-3.22237372398377,40.688419342041
"605",608,-2.19675803184509,38.3161659240723
"606",609,-7.51754713058472,42.4046897888184
"607",610,-5.87593364715576,37.6567535400391
"608",611,-0.261608272790909,38.7966690063477
"609",612,-6.16360759735107,37.4782676696777
"610",613,2.05641651153564,41.9786987304688
"611",614,-6.15203809738159,38.4339714050293
"612",615,-1.06665432453155,37.6072540283203
"613",616,-5.27362155914307,39.2924690246582
"614",617,-6.95905017852783,39.147388458252
"615",618,1.749626994133,42.3076210021973
"616",619,2.740971326828,41.6500396728516
"617",620,-1.56359088420868,42.8277435302734
"618",621,-4.53836345672607,37.5868949890137
"619",622,-1.99793219566345,42.4191513061523
"620",623,-3.36588144302368,40.0007591247559
"621",624,-3.35620641708374,38.6485328674316
"622",625,-0.788084805011749,42.6830177307129
"623",626,-3.08323526382446,42.6242904663086
"624",627,-6.13721656799316,40.9596900939941
"625",628,-0.801771759986877,41.8785133361816
"626",629,-1.88658082485199,38.8675422668457
"627",630,-6.88537359237671,42.162727355957
"628",631,-4.02259349822998,42.970344543457
"629",632,-4.39785718917847,39.0945587158203
"630",633,-0.0937374979257584,41.1595802307129
"631",634,-3.46066522598267,40.2539443969727
"632",635,-1.94594812393188,40.1984672546387
"633",636,-5.43859148025513,37.3284339904785
"634",637,-2.41571831703186,41.4760589599609
"635",638,-4.62005519866943,42.2011871337891
"636",639,0.455004543066025,41.9154777526855
"637",640,1.51921010017395,41.2006988525391
"638",641,-3.17308354377747,37.4443893432617
"639",642,-1.32750034332275,41.0426330566406
"640",643,-5.88738489151001,38.6423683166504
"641",644,-8.21776103973389,42.9594802856445
"642",645,-2.65478301048279,41.860294342041
"643",646,-3.22029829025269,39.729808807373
"644",647,-5.65748691558838,39.8353996276855
"645",648,-4.77542495727539,39.7900886535645
"646",649,-4.15042209625244,40.6629219055176
"647",650,-1.83337843418121,43.1401634216309
"648",651,-7.27675247192383,39.3949928283691
"649",652,-4.73835897445679,37.2936325073242
"650",653,-4.55534410476685,38.4384880065918
"651",654,-6.64082908630371,39.0302505493164
"652",655,-6.31308269500732,40.2463912963867
"653",656,-0.92553573846817,42.8820419311523
"654",657,-1.99219262599945,37.7194213867188
"655",658,-0.736484527587891,38.7934646606445
"656",659,-0.63431054353714,40.6359825134277
"657",660,-2.49263024330139,39.3639106750488
"658",661,-3.83377170562744,41.9919891357422
"659",662,-2.59988284111023,40.9236221313477
"660",663,-0.210313454270363,39.6924476623535
"661",664,-6.71363830566406,37.260440826416
"662",665,-3.78063678741455,39.5917434692383
"663",666,-8.08363628387451,43.5409851074219
"664",667,-1.04816973209381,41.0993614196777
"665",668,0.245122045278549,42.0564270019531
"666",669,-1.2560008764267,38.784351348877
"667",670,-2.64251613616943,36.7147674560547
"668",671,-1.77993881702423,42.1159820556641
"669",672,-6.70304012298584,39.2871627807617
"670",673,2.09501481056213,41.4060516357422
"671",674,-6.5969386100769,39.7814025878906
"672",675,-2.03105640411377,37.0832252502441
"673",676,-4.38501262664795,37.3314971923828
"674",677,-5.66335487365723,37.0872077941895
"675",678,0.385136693716049,41.3337516784668
"676",679,-2.90342879295349,37.7064781188965
"677",680,-3.89160466194153,38.9231262207031
"678",681,-3.83036184310913,40.9868583679199
"679",682,-4.53198719024658,42.8182220458984
"680",683,-5.13065958023071,42.2923965454102
"681",684,-1.78655922412872,39.5666694641113
"682",685,0.661243259906769,42.6307525634766
"683",686,-2.7278516292572,40.1551399230957
"684",687,-0.159862652420998,38.9909629821777
"685",688,-4.00212574005127,38.3152694702148
"686",689,-4.57596445083618,43.390754699707
"687",690,-6.38651704788208,39.3537406921387
"688",691,-2.44423675537109,38.2714881896973
"689",692,-1.87875258922577,42.9324798583984
"690",693,-6.16517972946167,42.1678466796875
"691",694,-7.04368114471435,42.7559089660645
"692",695,1.82656264305115,41.5867538452148
"693",696,-7.63622856140137,41.9589462280273
"694",697,-1.28237545490265,38.3484840393066
"695",698,-3.46977519989014,36.7960052490234
"696",699,-1.74150192737579,39.7817039489746
"697",700,-5.39627838134766,41.9931297302246
"698",701,-7.07947397232056,38.0010833740234
"699",702,-5.57191801071167,42.8363876342773
"700",703,-6.93975400924683,37.5848541259766
"701",704,-0.269144415855408,42.4342956542969
"702",705,0.93117880821228,41.0820846557617
"703",706,-6.04925441741943,39.3742523193359
"704",707,-4.64450025558472,38.6953048706055
"705",708,-5.40972709655762,40.028980255127
"706",709,-1.61543989181519,38.6996116638184
"707",710,-5.54970836639404,36.5899276733398
"708",711,-3.71689581871033,42.678150177002
"709",712,-7.02329730987549,43.2065849304199
"710",713,-3.78468704223633,36.8570709228516
"711",714,-1.81331515312195,41.0739288330078
"712",715,-7.7415828704834,43.3724746704102
"713",716,-5.66726160049438,41.9199562072754
"714",717,-4.88253307342529,42.8633918762207
"715",718,-4.38400411605835,38.758602142334
"716",719,-6.28871870040894,40.4452667236328
"717",720,3.04904842376709,41.8781967163086
"718",721,-3.06093311309814,38.1061973571777
"719",722,-3.08293533325195,38.6838417053223
"720",723,-4.72176170349121,37.943962097168
"721",724,-4.14015054702759,42.177661895752
"722",725,-0.941028952598572,41.6825637817383
"723",726,-5.75175714492798,39.628662109375
"724",727,-1.14398205280304,40.0440368652344
"725",728,-6.78852987289429,40.7246971130371
"726",729,1.44747734069824,42.3987731933594
"727",730,-7.81252193450928,42.3866767883301
"728",731,-4.25229167938232,42.6605644226074
"729",732,-2.4780547618866,42.0280647277832
"730",733,-0.682144999504089,41.1738777160645
"731",734,-8.34605121612549,42.7851638793945
"732",735,-5.54152297973633,36.0360374450684
"733",736,-7.61309337615967,42.1643676757812
"734",737,-6.44875240325928,42.7076377868652
"735",738,1.52777671813965,41.6224136352539
"736",739,-6.15334129333496,41.403621673584
"737",740,-8.6331615447998,43.1927528381348
"738",741,-5.09027814865112,36.5111122131348
"739",742,-1.53034496307373,40.6322250366211
"740",743,-4.68878126144409,37.0572395324707
"741",744,-3.75439977645874,38.2423210144043
"742",745,-0.284242957830429,42.8233871459961
"743",746,-3.27522039413452,39.2484588623047
"744",747,-5.82059478759766,43.261402130127
"745",748,-1.18890833854675,42.1975212097168
"746",749,-4.73060035705566,37.7317504882812
"747",750,0.759447991847992,42.4209480285645
"748",751,-8.44033432006836,42.3982467651367
"749",752,-5.22152853012085,39.6593818664551
"750",753,-3.80911636352539,37.2266693115234
"751",754,-3.00097966194153,39.9588279724121
"752",755,-0.705610275268555,39.5581588745117
"753",756,-4.23440170288086,43.1205635070801
"754",757,-4.10749053955078,37.9259986877441
"755",758,-1.09165620803833,37.8359718322754
"756",759,-1.39562964439392,39.0827980041504
"757",760,-6.37379026412964,39.9490699768066
"758",761,-5.12454748153687,38.5379180908203
"759",762,-5.28175592422485,37.9455261230469
"760",763,-5.16998195648193,37.4657936096191
"761",764,-0.756324589252472,37.6302337646484
"762",765,-2.20012736320496,39.5991744995117
"763",766,2.48033761978149,41.5528717041016
"764",767,-6.44985914230347,38.3134689331055
"765",768,-0.108208313584328,42.0385932922363
"766",769,-7.30385780334473,43.0894889831543
"767",770,-2.72871589660644,42.9342041015625
"768",771,-3.20249652862549,43.1559638977051
"769",772,-5.55045127868652,40.7363700866699
"770",773,0.193533420562744,40.186164855957
"771",774,-0.668108880519867,37.9965858459473
"772",775,-2.5224814414978,38.654411315918
"773",776,-2.97873640060425,40.9326629638672
"774",777,-7.7969388961792,42.8243560791016
"775",778,-0.361587941646576,40.5374374389648
"776",779,-4.7943959236145,38.1380271911621
"777",780,2.29564356803894,42.3456649780273
"778",781,-1.76980197429657,38.5203971862793
"779",782,-1.83821833133698,43.3733596801758
"780",783,-3.58837676048279,41.0826110839844
"781",784,-4.26606702804565,38.1354064941406
"782",785,-7.2731466293335,38.4969367980957
"783",786,-2.59538722038269,37.9071083068848
"784",787,-6.73743057250977,43.5563087463379
"785",788,-6.41763687133789,40.7942008972168
"786",789,-1.58159637451172,37.4735107421875
"787",790,-6.84035444259644,38.5209121704102
"788",791,-6.13653802871704,37.6928100585938
"789",792,-3.4973030090332,41.457706451416
"790",793,-1.23289144039154,42.0006675720215
"791",794,-0.598835945129395,42.0563430786133
"792",795,3.24606108665466,42.3251419067383
"793",796,-2.11178874969482,38.0889930725098
"794",797,-1.8256893157959,37.203254699707
"795",798,1.23520123958588,41.6108665466309
"796",799,-0.369605720043182,39.8840217590332
"797",800,-3.08960819244385,37.2388000488281
"798",801,-1.7342118024826,37.6939430236816
"799",802,-2.44968295097351,43.278434753418
"800",803,-3.51614713668823,38.8457260131836
"801",804,-6.16928434371948,36.823127746582
"802",805,-6.82720375061035,40.4569396972656
"803",806,-9.2746410369873,43.0360870361328
"804",807,-6.41248559951782,38.7246627807617
"805",808,-6.31502676010132,43.242805480957
"806",809,-6.91463327407837,38.1751480102539
"807",810,-4.23721313476562,39.9571266174316
"808",811,-4.96567821502685,40.6051063537598
"809",812,-4.28098058700562,37.5476150512695
"810",813,-1.02720749378204,39.8407249450684
"811",814,-4.32554817199707,39.5359954833984
"812",815,-5.8211522102356,36.6464691162109
"813",816,-6.86703395843506,42.3748245239258
"814",817,-0.384900569915771,41.7457695007324
"815",818,0.217050209641457,40.8283653259277
"816",819,-2.31340169906616,38.8000869750977
"817",820,-3.44540667533875,42.8268356323242
"818",821,-1.932901263237,39.1435508728027
"819",822,-4.69772672653198,43.0155372619629
"820",823,-1.48131883144379,39.6787567138672
"821",824,-6.06932926177979,42.677978515625
"822",825,-1.43191540241241,41.4444847106934
"823",826,-2.73957443237305,41.4169006347656
"824",827,0.631656885147095,40.5746955871582
"825",828,-5.90828800201416,38.3232688903809
"826",829,0.885180711746216,42.2275276184082
"827",830,-2.00811815261841,39.9502754211426
"828",831,-6.20981311798096,41.9648017883301
"829",832,-4.92243242263794,42.662483215332
"830",833,-6.13605976104736,40.0642051696777
"831",834,-8.37680149078369,42.1021308898926
"832",835,-1.27005708217621,42.7058486938477
"833",836,-4.92915725708008,37.1058349609375
"834",837,-3.38496446609497,39.5766487121582
"835",838,-4.73952198028565,39.4283752441406
"836",839,-8.9063081741333,42.2438888549805
"837",840,-4.58516073226929,40.9565849304199
"838",841,-7.47619342803955,43.4598999023438
"839",842,-3.86667990684509,43.1592445373535
"840",843,0.681821286678314,42.8547096252441
"841",844,-2.22104835510254,41.6148223876953
"842",845,-0.118633590638638,40.4405670166016
"843",846,-6.15631055831909,41.7263298034668
"844",847,-6.49757146835327,42.4811859130859
"845",848,-4.47382926940918,40.438289642334
"846",849,-7.87533140182495,41.8501129150391
"847",850,-3.47786331176758,41.6743927001953
"848",852,-4.32134389877319,41.8103523254395
"849",853,-5.23979425430298,40.6470336914062
"850",854,-3.47674202919006,40.6059684753418
